,e1,ev,p,q,e
0,0.0,0.0,59.81,0.0,0.6830614593248595
1,0.050769230769230775,0.020307692307692308,74.24696256142545,43.310887684276345,0.6827196683823504
2,0.10266587131404149,0.04399761394212445,76.92314867266258,51.33944601798773,0.6823209524415771
3,0.15354342303157784,0.06463026909473354,79.29158898199483,58.4447669459845,0.6819736921746681
4,0.20353664391831858,0.08260993175495568,81.40550495473173,64.78651486419514,0.6816710834019173
5,0.25275805761397796,0.09827417284193393,83.31380549932452,70.51141649797351,0.6814074445972866
6,0.30129910021146533,0.11189730063439608,85.05193554391415,75.72580663174243,0.6811781589838571
7,0.34923506525287934,0.12370519575863809,86.6464842797517,80.50945283925509,0.6809794248518635
8,0.3966287613050474,0.13388628391514226,88.11796004163688,84.92388012491062,0.6808080708809615
9,0.44353321315704675,0.14259963947114024,89.48255039924892,89.01765119774677,0.6806614197517845
10,0.4899936733245355,0.14998101997360638,90.75328343293252,92.82985029879757,0.6805371865813814
11,0.5360491385264868,0.15614741557946044,91.94081988712837,96.3924596613851,0.6804334023535098
12,0.5817335084155348,0.16120052524660428,93.0540091584842,99.7320274754526,0.6803483554122046
13,0.6270764828282788,0.16522944848483606,94.10028926390774,102.87086779172321,0.6802805461579562
14,0.6721042654419984,0.1683127963259949,95.08598082484566,105.82794247453698,0.6802286515187848
15,0.7168401222081878,0.17052036662456302,96.01650727842586,108.61952183527757,0.680191496753902
16,0.7613048294501746,0.1719144883505234,96.89656261763709,111.25968785291124,0.6801680328284363
17,0.8055170371087306,0.17255111132619108,97.73024108927395,113.76072326782182,0.6801573180724917
18,0.8494935659858784,0.17248069795763454,98.52113883336466,116.13341650009394,0.68015850317276
19,0.8932496530999149,0.17174895929974462,99.27243450561373,118.38730351684114,0.680170818784094
20,0.936799155840187,0.170397467520561,99.9869539357603,120.53086180728086,0.6801935652213553
21,0.9801547231049291,0.16846416931478755,100.66722250495492,122.57166751486471,0.6802261038183506
22,1.0233279397516466,0.16598381925493988,101.31550796535707,124.51652389607115,0.6802678496342642
23,1.0663294493026971,0.1629883479080921,101.9338557418582,126.37156722557452,0.6803182652580281
24,1.1091690588005114,0.15950717640153486,102.52411826239248,128.14235478717737,0.680376855513988
25,1.1518558289068508,0.15556748672055268,103.0879795022176,129.83393850665274,0.6804431629126255
26,1.194398151724268,0.15119445517280566,103.626975660084,131.45092698025192,0.6805167637212098
27,1.2368038183391394,0.1464114550174198,104.14251268384291,132.99753805152864,0.6805972645534246
28,1.2790800777105849,0.14124023313175554,104.63588121136026,134.4776436340807,0.6806842993959583
29,1.3212336882335636,0.13570106470069254,105.10826937665036,135.894808129951,0.6807775270049886
30,1.3632709630690398,0.12981288920712133,105.56077384169517,137.25232152508542,0.6808766286173784
31,1.4051978101456726,0.12359343043701955,105.99440934482381,138.55322803447132,0.6809813059309165
32,1.447019767585663,0.11705930275699157,106.41011700195175,139.8003510058551,0.6810912793156022
33,1.4887420351842913,0.11022610555287567,106.80877155385852,140.99631466157544,0.6812062862241843
34,1.5303695024723036,0.10310850741691334,107.19118771837219,142.14356315511645,0.6813260797752403
35,1.5719067738080301,0.0957203214240925,107.55812577884639,143.24437733653903,0.6814504274862287
36,1.6133581908782644,0.088074572634795,107.91029651816453,144.30088955449344,0.6815791101373782
37,1.6547278529307783,0.08018355879233707,108.24836558954564,145.31509676863678,0.6817119207501106
38,1.6960196350145746,0.07205890504372675,108.5729574007821,146.28887220234617,0.681848663666057
39,1.7372372044649014,0.063711613394707,108.88465857653581,147.2239757296073,0.6819891537146991
40,1.7783840358372358,0.05515210751171058,109.18402105342989,148.12206316028954,0.6821332154593245
41,1.8194634244667878,0.04639027340036607,109.47156485448636,148.98469456345896,0.6822806825123825
42,1.8604784988066534,0.03743549641996368,109.74778058265217,149.81334174795637,0.6824313969125082
43,1.901432231677876,0.028296695033631067,110.01313166746917,150.60939500240738,0.6825852085564857
44,1.9423274505477026,0.01898235164311099,110.26805639417476,151.37416918252416,0.6827419746802807
45,1.9831668469378407,0.00950054081352652,110.51296974050324,152.1089092215096,0.6829015593839997
46,2.0239529850520595,-0.0001410448438179929,110.7482650430635,152.8147951291904,0.6830638331962662
47,2.064688309701766,-0.009935070894697935,110.97431551228883,153.49294653686638,0.6832286726740447
48,2.105375153598949,-0.019874539203148342,111.19147561250249,154.14442683750735,0.6833959600344061
49,2.146015744077845,-0.029952767766460622,111.4000823215492,154.7702469646475,0.6835655828151379
50,2.186612209299741,-0.04016337210077306,111.60045628264764,155.37136884794282,0.6837374335614529
51,2.2271665839892605,-0.05050024803221375,111.79290285957693,155.94870857873065,0.6839114095363532
52,2.2676808147451886,-0.060957555764428586,111.97771310498025,156.5031393149406,0.6840874124524771
53,2.308156764964258,-0.07152970510722045,112.15516465041925,157.0354939512576,0.6842653482234878
54,2.34859621941226,-0.0822113417632153,112.32552252581597,157.54656757744772,0.6844451267332701
55,2.389000888473268,-0.09299733458019022,112.48903991505304,158.03711974515895,0.6846266616213781
56,2.429372412104616,-0.10388276368614638,112.64595885374781,158.50787656124328,0.6848098700833426
57,2.46971236352248,-0.1148629094325541,112.79651087455649,158.9595326236693,0.684994672684578
58,2.51002225264047,-0.125933242078584,112.94091760478705,159.392752814361,0.6851809931867624
59,2.550303529281435,-0.13708941215568846,113.07939132059272,159.80817396177798,0.6853687583856669
60,2.590557586180758,-0.1483272414577192,113.21213546157203,160.20640638471593,0.685557897959514
61,2.6307857617976813,-0.1596427146069498,113.33934510920837,160.58803532762494,0.685748344327029
62,2.6709893429496665,-0.17103197115099392,113.46120743223489,160.9536222967045,0.6859400325144255
63,2.7111695672834166,-0.18249129814974263,113.57790210170332,161.30370630510978,0.6861329000306394
64,2.7513276255949513,-0.19401712321513934,113.68960167826272,161.638805034788,0.6863268867501844
65,2.7914646640100216,-0.20560600796992756,113.79647197391209,161.95941592173608,0.6865219348030578
66,2.83158178603517,-0.21725464189448299,113.89867239027527,162.26601717082562,0.6867179884711798
67,2.871680054488824,-0.22895983653351926,113.9963562352544,162.559068705763,0.6869149940908884
68,2.9117604933210415,-0.24071852003686828,114.08967101974646,162.8390130592392,0.6871128999610572
69,2.95182408932976,-0.25252773201071305,114.17875873595398,163.10627620786175,0.687311656256439
70,2.991871793780792,-0.264384618657616,114.26375611868316,163.3612683560493,0.6875112149458689
71,3.031904523938176,-0.2762864281854652,114.34479489089928,163.60438467269765,0.6877115297149944
72,3.0719231645109732,-0.28823050646707205,114.42200199469812,163.8360059840942,0.6879125558932236
73,3.1119285690221257,-0.30021429293361523,114.49549980875214,164.05649942625624,0.6881142503846098
74,3.151921561104513,-0.31223531668645554,114.56540635319992,164.26621905959956,0.6883165716024101
75,3.191902935728981,-0.3242911928130509,114.63183548286617,164.4655064485983,0.6885194794070808
76,3.2318734603687305,-0.3363796188938041,114.69489706962575,164.65469120887707,0.6887229350474849
77,3.271833876104107,-0.3484983716876742,114.75469717465886,164.83409152397638,0.6889269011051095
78,3.3117848986715646,-0.3606453039853028,114.81133821128356,165.00401463385046,0.6891313414411011
79,3.3517272194602534,-0.372818341619237,114.86491909899775,165.164757296993,0.689336221145947
80,3.391661506459466,-0.3850154806216007,114.91553540931227,165.31660622793657,0.689541506491636
81,3.431588405159912,-0.39723478452026323,114.96327950391169,165.45983851173483,0.6897471648861522
82,3.471508539411601,-0.4094743817651978,115.00824066563804,165.59472199691388,0.6899531648301583
83,3.5114225122408964,-0.421732463277312,115.05050522275513,165.72151566826514,0.6901594758757413
84,3.551330906629143,-0.43400728011257267,115.09015666691654,165.84047000074938,0.6903660685870983
85,3.591234286255086,-0.4462971412347465,115.12727576522911,165.95182729568708,0.6905729145030501
86,3.631133196203156,-0.4586004113905354,115.16194066677487,166.05582200032435,0.6907799861012789
87,3.6710281636395656,-0.47091550908130797,115.19422700392809,166.152681011784,0.6909872567641905
88,3.7109196984579964,-0.4832409046260169,115.22420798877987,166.24262396633932,0.6911947007463128
89,3.7508082938965845,-0.49557511831025275,115.25195450496064,166.32586351488163,0.6914022931431429
90,3.7906944271277636,-0.5079167186167153,115.27753519513047,166.40260558539114,0.6916100098613649
91,3.8305785598224396,-0.5202643205326901,115.30101654438842,166.47304963316498,0.6918178275903636
92,3.8704611386898686,-0.5326165839304036,115.32246295983482,166.53738887950416,0.6920257237749647
93,3.91034259599454,-0.5449722120163906,115.34193684650464,166.59581053951362,0.6922336765893375
94,3.9502233500512527,-0.5573299498462535,115.35949867987532,166.64849603962566,0.6924416649119963
95,3.990103805699531,-0.5696885829014178,115.37520707513896,166.6956212254166,0.6926496683018473
96,4.029984354758438,-0.5820469357246971,115.38911885341636,166.7373565602488,0.6928576669752232
97,4.0698653764627775,-0.5944038706116798,115.40128910507862,166.77386731523558,0.6930656417838599
98,4.10974723788163,-0.6067582863551224,115.41177125033167,166.8053137509947,0.6932735741937626
99,4.149630294320099,-0.6191091170397156,115.42061709720886,166.8318512916263,0.6934814462649214
100,4.1895148897050944,-0.6314553308847312,115.42787689710788,166.85363069132336,0.6936892406318327
101,4.229401356955933,-0.6437959291322176,115.43359939799949,166.87079819399818,0.6938969404847862
102,4.2692900183404925,-0.6561299449785394,115.4378318954279,166.88349568628342,0.6941045295518827
103,4.309181185817612,-0.6684564425471851,115.44062028141514,166.89186084424512,0.6943119920817452
104,4.349075161366376,-0.6807745159008892,115.44200909137497,166.8960272741246,0.6945193128268927
105,4.388972237302932,-0.6930832880912232,115.44204154913574,166.8961246474069,0.6947264770277444
106,4.42887269658537,-0.70538191024391,115.4407596101653,166.8922788304956,0.6949334703972242
107,4.468776813107267,-0.7176695606782216,115.43820400308606,166.88461200925786,0.6951402791059407
108,4.508684851980373,-0.7299454440589029,115.43441426956268,166.87324280868773,0.6953468897679126
109,4.5485970698069575,-0.7422087905791522,115.4294288026406,166.85828640792147,0.6955532894268184
110,4.588513714942252,-0.7544588551732697,115.42328488360866,166.83985465082566,0.6957594655427444
111,4.6284350277474555,-0.7666949167576573,115.41601871745532,166.8180561523656,0.6959654059794105
112,4.6683612408337005,-0.7789162774989253,115.40766546698376,166.79299640095093,0.6961710989918518
113,4.708292579297367,-0.7911222621079255,115.39825928564781,166.76477785694308,0.696376533214537
114,4.748229260947145,-0.8033122171585918,115.38783334916695,166.7335000475005,0.6965816976499037
115,4.788171496523167,-0.81548551043053,115.37641988597564,166.69925965792658,0.6967865816572943
116,4.82811948990856,-0.8276415302743485,115.36405020655923,166.66215061967733,0.6969911749422736
117,4.868073438333751,-0.8397796849987769,115.35075473172577,166.62226419517697,0.6971954675463137
118,4.908033532573789,-0.8518994022786645,115.33656301986063,166.57968905958154,0.6973994498368306
119,4.947999957139011,-0.8640001285829982,115.32150379320805,166.53451137962378,0.6976031124975571
120,4.987972890459304,-0.8760813286221226,115.30560496322187,166.48681488966525,0.6978064465192396
121,5.027952505062218,-0.8881424848133799,115.28889365502508,166.43668096507488,0.6980094431906436
122,5.0679389677452,-0.9001830967644339,115.2713962310161,166.38418869304795,0.6982120940898587
123,5.107932439742155,-0.9122026807735714,115.25313831365753,166.32941494097224,0.6984143910758877
124,5.147933076884575,-0.9242007693463092,115.2341448074816,166.27243442244446,0.6986163262805111
125,5.1879410297574555,-0.9361769107276707,115.21443992034449,166.21331976103315,0.698817892100415
126,5.227956443850172,-0.9481306684495197,115.19404718396046,166.15214155188107,0.6990190811895726
127,5.267979459702555,-0.9600616208923739,115.17298947374489,166.08896842123434,0.6992198864518686
128,5.308010213046298,-0.9719693608611446,115.15128902799408,166.0238670839819,0.6994203010339596
129,5.348048834941923,-0.9838534951742725,115.12896746642839,165.95690239928487,0.6996203183183582
130,5.388095451911428,-0.995713644265758,115.1060458081238,165.88813742437105,0.6998199319167355
131,5.428150186066812,-1.007549441799605,115.08254448885589,165.81763346656732,0.7000191356634314
132,5.46821315523461,-1.0193605342962158,115.05848337787931,165.74545013363758,0.7002179236091671
133,5.508284473076581,-1.0311465807703024,115.03388179416434,165.6716453824927,0.7004162900149505
134,5.548364249206718,-1.0429072523798921,115.00875852211145,165.59627556633401,0.7006142293461693
135,5.588452589304673,-1.054642232086026,114.98313182676365,165.51939548029063,0.7008117362668629
136,5.62854959522576,-1.0663512143227685,114.9570194685357,165.44105840560678,0.7010088056341687
137,5.66865536510763,-1.0780339046771585,114.93043871747807,165.36131615243386,0.7012054324929357
138,5.708769993473766,-1.089690019578753,114.90340636709307,165.28021910127885,0.701401612070499
139,5.748893571333875,-1.1013192859984253,114.8759387477197,165.19781624315874,0.7015973397716108
140,5.789026186281319,-1.1129214411560946,114.84805173950281,165.11415521850805,0.7017926111735205
141,5.829167922587657,-1.1244962322370802,114.8197607849618,165.02928235488503,0.701987422021202
142,5.869318861294422,-1.136043416116785,114.79108090117334,164.94324270351964,0.7021817682227186
143,5.909479080302211,-1.147562759093418,114.76202669158178,164.85608007474494,0.7023756458447258
144,5.949648654457185,-1.1590540366284947,114.73261235745053,164.7678370723512,0.7025690511081027
145,5.989827655635069,-1.1705170330948416,114.70285170896722,164.67855512690124,0.7027619803837116
146,6.030016152822728,-1.1819515415318649,114.67275817601447,164.58827452804297,0.7029544301882784
147,6.070214212197404,-1.193357363407836,114.6423448186182,164.49703445585416,0.7031463971803921
148,6.110421897203693,-1.204734308388965,114.61162433708442,164.40487301125282,0.7033378781566181
149,6.150639268628335,-1.2160821941150401,114.58060908183529,164.31182724550544,0.7035288700477219
150,6.190866384672875,-1.2274008459814194,114.54931106295466,164.21793318886355,0.7037193699150001
151,6.231103301024291,-1.2386900969271701,114.51774195945289,164.12322587835828,0.7039093749467145
152,6.271350070923629,-1.2499497872291563,114.48591312826053,164.0277393847812,0.7040988824546265
153,6.311606745232716,-1.2611797643018898,114.45383561295971,163.9315068388787,0.7042878898706287
154,6.351873372499027,-1.2723798825029549,114.4215201522621,163.8345604567859,0.7044763947434697
155,6.3921499990187325,-1.2835500029438391,114.3889771882419,163.73693156472527,0.7046643947355704
156,6.4324366688980135,-1.294689993305994,114.35621687433147,163.63865062299396,0.7048518876199283
157,6.47273342411269,-1.3057997276619675,114.32324908308793,163.53974724926337,0.7050388712771071
158,6.513040304566195,-1.316879086301449,114.29008341373766,163.44025024121257,0.7052253436923086
159,6.553357348145984,-1.3279279555620778,114.25672919950608,163.34018759851782,0.7054113029525254
160,6.5936845907783885,-1.3389462276648665,114.22319551473954,163.23958654421818,0.705596747243771
161,6.634022066481976,-1.349933800554102,114.18949118182597,163.13847354547747,0.7057816748483849
162,6.674369807419481,-1.360890577741587,114.15562477792058,163.03687433376132,0.7059660841424116
163,6.714727843948312,-1.3718164681550908,114.12160464148285,162.93481392444812,0.7061499735930493
164,6.755096204669712,-1.382711385990887,114.08743887863059,162.83231663589135,0.7063333417561687
165,6.79547491647659,-1.3935752505702517,114.05313536931689,162.72940610795027,0.7065161872738972
166,6.835864004600071,-1.4044079861998087,114.01870177333537,162.6261053200057,0.7066985088722689
167,6.876263492654805,-1.4152095220356062,113.98414553615902,162.52243660847665,0.7068803053589363
168,6.9166734026830685,-1.4259797919508175,113.94947389461781,162.418421683853,0.7070615756209445
169,6.957093755197687,-1.436718734406958,113.91469388241983,162.31408164725906,0.7072423186225629
170,6.997524569223833,-1.4474262923285195,113.87981233552088,162.2094370065622,0.7074225334031756
171,7.0379658623397,-1.4581024129809181,113.84483589734697,162.10450769204044,0.7076022190752271
172,7.0784176507161165,-1.4687470478516673,113.80977102387413,161.99931307162197,0.7077813748222226
173,7.118879949155113,-1.4793601525346771,113.77462398857003,161.89387196570965,0.7079599998967802
174,7.159352771127472,-1.4899416866175956,113.73940088720107,161.78820266160278,0.708138093618735
175,7.199836128809303,-1.5004916135721034,113.70410764250946,161.6823229275279,0.7083156553732933
176,7.240330033117644,-1.511009900647079,113.66875000876362,161.5762500262904,0.7084926846092333
177,7.280834493745152,-1.5214965187645542,113.63333357618613,161.47000072855795,0.7086691808371551
178,7.321349519193876,-1.531951442418382,113.59786377526225,161.36359132578633,0.7088451436277745
179,7.3618751168081555,-1.5423746495755388,113.56234588093302,161.25703764279865,0.7090205726102623
180,7.402411292806671,-1.5527661215799926,113.52678501667587,161.15035505002723,0.7091954674706258
181,7.442958052313648,-1.5631258430590607,113.49118615847627,161.0435584754284,0.7093698279501334
182,7.483515399389271,-1.5734538018321933,113.45555413869334,160.93666241607963,0.7095436538437789
183,7.524083337059297,-1.5837499888221127,113.41989364982268,160.82968094946764,0.7097169449987862
184,7.564661867343919,-1.5940143979682457,113.38420924815914,160.722627744477,0.7098897013131522
185,7.605250991285871,-1.6042470261423865,113.34850535736246,160.61551607208693,0.7100619227342272
186,7.645850708977823,-1.6144478730665288,113.31278627192859,160.50835881578533,0.7102336092573321
187,7.686461019589062,-1.62461694123281,113.27705616056929,160.40116848170743,0.7104047609244113
188,7.727081921391496,-1.6347542358255074,113.24131906950252,160.29395720850712,0.7105753778227193
189,7.767713411784986,-1.644859764645036,113.2055789256563,160.18673677696844,0.7107454600835417
190,7.808355487322034,-1.6549335380338908,113.16983953978824,160.07951861936428,0.7109150078809492
191,7.8490081437318375,-1.6649755688044807,113.1341046095233,159.97231382856947,0.7110840214305826
192,7.889671375943727,-1.6749858721688087,113.09837772231188,159.86513316693518,0.711252500988469
193,7.930345178110016,-1.6849644656699445,113.06266235831049,159.757987074931,0.7114204468498694
194,7.971029543628248,-1.6949113691152446,113.02696189318722,159.65088567956118,0.7115878593481535
195,8.011724465162906,-1.7048266045112714,112.99127960085394,159.54383880256134,0.7117547388537053
196,8.052429934666538,-1.7147101960003723,112.95561865612737,159.43685596838162,0.7119210857728555
197,8.093145943400373,-1.724562169798866,112.91998213732082,159.32994641196194,0.7120869005468408
198,8.133872481954393,-1.7343825541368036,112.8843730287686,159.22311908630527,0.7122521836507901
199,8.174609540266909,-1.7441713791992588,112.84879422328494,159.11638266985432,0.7124169355927371
200,8.215357107643626,-1.753928677069103,112.81324852455907,159.00974557367672,0.712581156912656
201,8.256115172776248,-1.763654481671239,112.77773864948833,158.9032159484645,0.7127448481815237
202,8.29688372376058,-1.7733488287182413,112.74226723045084,158.79680169135202,0.712908010000405
203,8.337662748114202,-1.783011755657377,112.70683681751952,158.69051045255804,0.7130706429995604
204,8.37845223279367,-1.7926433016189673,112.67144988061884,158.58434964185602,0.7132327478375771
205,8.419252164211306,-1.8022435073660563,112.63610881162604,158.47832643487766,0.7133943252005222
206,8.460062528251541,-1.811812415245352,112.60081592641812,158.3724477792539,0.7135553758011169
207,8.500883310286854,-1.8213500691394098,112.56557346686611,158.26672040059785,0.7137159003779316
208,8.541714495193316,-1.8308565144200224,112.53038360277807,158.16115080833373,0.7138758996946014
209,8.582556067365726,-1.8403317979027918,112.49524843379214,158.05574530137594,0.7140353745390616
210,8.623408010732375,-1.8497759678028463,112.46016999122095,157.95050997366235,0.7141943257228026
211,8.66427030876943,-1.8591890736916787,112.42515023984863,157.8454507195454,0.714352754080143
212,8.705142944514964,-1.8685711664550735,112.39019107968184,157.74057323904503,0.7145106604675218
213,8.746025900582623,-1.8779222982520982,112.3552943476558,157.63588304296692,0.7146680457628082
214,8.786919159174944,-1.8872425224751317,112.32046181929665,157.53138545788946,0.7148249108646287
215,8.827822702096356,-1.8965318937108997,112.28569521034129,157.42708563102335,0.7149812566917115
216,8.868736510765821,-1.9057904677024993,112.25099617831567,157.32298853494652,0.7151370841822473
217,8.909660566229194,-1.9150183013123798,112.21636632407288,157.21909897221812,0.7152923942932657
218,8.950594849171232,-1.924215452486261,112.18180719329169,157.11542157987455,0.7154471880000293
219,8.991539339927332,-1.9333819802179626,112.14732027793703,157.01196083381055,0.7156014662954399
220,9.032494018494944,-1.9425179445151253,112.112907017683,156.90872105304848,0.7157552301894631
221,9.07345886454472,-1.9516234063657965,112.0785688012997,156.80570640389857,0.7159084807085652
222,9.114433857431365,-1.960698427705863,112.04430696800448,156.7029209040129,0.7160612188951654
223,9.155418976204215,-1.9697430713873094,112.0101228087789,156.60036842633616,0.7162134458071011
224,9.196414199617559,-1.9787574011472777,111.97601756765202,156.49805270295553,0.7163651625171076
225,9.23741950614068,-1.987741481577912,111.94199244295098,156.39597732885238,0.7165163701123103
226,9.27843487396766,-1.9966953780969698,111.90804858851966,156.29414576555845,0.7166670696937304
227,9.319460281026926,-2.0056191569191744,111.87418711490643,156.19256134471877,0.7168172623758023
228,9.36049570499055,-2.0145128850282985,111.84040909052145,156.0912272715638,0.7169669492859041
229,9.40154112328333,-2.0233766301499547,111.80671554276464,155.99014662829336,0.7171161315638995
230,9.442596513091623,-2.032210460725078,111.77310745912483,155.88932237737396,0.7172648103616914
231,9.483661851371954,-2.041014445884082,111.739585788251,155.78875736475248,0.7174129868427873
232,9.524737114859423,-2.0497886554216733,111.7061514409962,155.68845432298806,0.717560662181875
233,9.565822280075878,-2.058533159772308,111.67280529143484,155.588415874304,0.7177078375644095
234,9.606917323337889,-2.067248029986271,111.63954817785422,155.48864453356214,0.7178545141862108
235,9.648022220764522,-2.0759333377063713,111.6063809037207,155.38914271116155,0.7180006932530716
236,9.689136948284904,-2.0845891551452245,111.5733042386213,155.28991271586335,0.7181463759803745
237,9.730261481645606,-2.093215555063123,111.54031891918139,155.1909567575436,0.7182915635927198
238,9.771395796417822,-2.101812610746468,111.50742564995892,155.0922769498762,0.718436257323563
239,9.812539868004393,-2.110380395986756,111.47462510431599,154.99387531294744,0.71858045841486
240,9.85369367164661,-2.1189189850601022,111.44191792526817,154.89575377580397,0.7187241681167236
241,9.89485718243088,-2.127428452707293,111.40930472631217,154.79791417893597,0.7188673876870871
242,9.936030375295195,-2.1359088741143455,111.3767860922325,154.700358276697,0.7190101183913776
243,9.977213225035452,-2.1443603248935714,111.34436257988756,154.60308773966216,0.7191523615021965
244,10.0184057063116,-2.1527828810651286,111.31203471897565,154.50610415692645,0.71929411829901
245,10.059607793653628,-2.161176619039046,111.2798030127816,154.40940903834428,0.7194353900678457
246,10.100819461467404,-2.169541615597714,111.24766793890417,154.313003816712,0.7195761781009985
247,10.142040684040365,-2.177877947878828,111.21562994996515,154.21688984989495,0.7197164836967432
248,10.18327143554705,-2.186185693358773,111.18368947430018,154.12106842290007,0.719856308159055
249,10.224511690054495,-2.1944649298364407,111.15184691663205,154.02554074989567,0.719995652797337
250,10.265761421527486,-2.202715735417464,111.12010265872684,153.93030797618002,0.720134518926155
251,10.307020603833687,-2.2109381884988633,111.0884570600332,153.83537118009914,0.7202729078649791
252,10.348289210748609,-2.219132367754094,111.05691045830554,153.74073137491615,0.7204108209379319
253,10.389567215960477,-2.2272983521184817,111.02546317021104,153.64638951063264,0.7205482594735434
254,10.43085459307496,-2.2354362207750405,110.99411549192132,153.55234647576347,0.7206852248045124
255,10.472151315619751,-2.2435460531406597,110.96286769968899,153.45860309906647,0.720821718267474
256,10.513457357049086,-2.2516279288526575,110.93172005040938,153.36516015122766,0.7209577412027731
257,10.554772690748077,-2.259681927755683,110.90067278216799,153.27201834650347,0.7210932949542445
258,10.596097290036981,-2.267708129888967,110.86972611477385,153.17917834432106,0.7212283808689972
259,10.637431128175335,-2.275706615473906,110.83888025027933,153.0866407508375,0.721363000297207
260,10.678774178365977,-2.2836774649019786,110.80813537348652,152.99440612045905,0.7214971545919117
261,10.720126413758976,-2.2916207587229764,110.77749165244074,152.90247495732172,0.7216308451088138
262,10.76148780745545,-2.2995365776335532,110.74694923891134,152.8108477167335,0.7217640732060877
263,10.802858332511278,-2.307425002466073,110.71650826886017,152.71952480657998,0.7218968402441917
264,10.844237961940713,-2.315286114177762,110.68616886289809,152.62850658869374,0.7220291475856856
265,10.885626668719919,-2.3231199938401432,110.65593112672964,152.5377933801884,0.7221609965950531
266,10.92702442579038,-2.3309267226287607,110.62579515158642,152.44738545475875,0.7222923886385283
267,10.968431206062242,-2.3387063818131737,110.59576101464921,152.35728304394712,0.7224233250839279
268,11.009846982417557,-2.3464590527472273,110.56582877945934,152.2674863383775,0.7225538073004872
269,11.051271727713441,-2.3541848168595765,110.53599849631934,152.1779954889575,0.7226838366587006
270,11.09270541478514,-2.3618837556444756,110.5062702026834,152.08881060804967,0.7228134145301662
271,11.134148016449029,-2.3695559506528103,110.4766439235377,151.9999317706126,0.7229425422874357
272,11.175599505505506,-2.3772014834833795,110.44711967177092,151.91135901531229,0.723071221303867
273,11.217059854741827,-2.3848204357744107,110.41769744853522,151.8230923456052,0.7231994529534818
274,11.258529036934862,-2.3924128891953096,110.38837724359787,151.73513173079314,0.7233272386108262
275,11.300007024853752,-2.3999789254386354,110.35915903568379,151.6474771070509,0.723454579650836
276,11.34149379126253,-2.407518626212296,110.33004279280922,151.5601283784272,0.7235814774487059
277,11.382989308922642,-2.4150320732319606,110.30102847260682,151.47308541782,0.7237079333797608
278,11.424493550595402,-2.422519348213683,110.27211602264218,151.38634806792606,0.7238339488193318
279,11.466006489044387,-2.429980532866724,110.24330538072233,151.29991614216655,0.7239595251426362
280,11.507528097037767,-2.437415708886582,110.21459647519612,151.2137894255879,0.7240846637246594
281,11.549058347350558,-2.444824957948213,110.1859892252467,151.12796767573965,0.724209365940041
282,11.590597212766813,-2.4522083616994412,110.15748354117666,151.04245062352953,0.7243336331629644
283,11.632144666081773,-2.4595660017545606,110.12907932468548,150.95723797405597,0.7244574667670479
284,11.673700680103924,-2.4668979596881075,110.10077646913989,150.8723294074192,0.7245808681252414
285,11.715265227657019,-2.4742043170288213,110.07257485983715,150.78772457951095,0.7247038386097234
286,11.756838281582036,-2.481485155253767,110.04447437426144,150.70342312278385,0.7248263795918033
287,11.79841981473908,-2.4887405557826328,110.01647488233358,150.61942464700024,0.7249484924418244
288,11.840009800009229,-2.4959705999721895,109.98857624665416,150.53572873996197,0.7250701785290709
289,11.881608210296323,-2.5031753691109073,109.96077832274035,150.45233496822055,0.725191439221678
290,11.923215018528714,-2.510354944413732,109.9330809592565,150.369242877769,0.725312275886543
291,11.964830197660953,-2.5175094070170103,109.90548399823865,150.28645199471543,0.7254326898892406
292,12.006453720675434,-2.524638837973566,109.87798727531316,150.203961825939,0.7255526825939396
293,12.048085560583983,-2.5317433182479183,109.85059061990961,150.12177185972834,0.7256722553633226
294,12.089725690429407,-2.5388229287116424,109.82329385546802,150.03988156640358,0.7257914095585078
295,12.131374083287,-2.545877750138868,109.79609679964072,149.95829039892166,0.7259101465389737
296,12.173030712265986,-2.552907863201911,109.76899926448874,149.87699779346573,0.7260284676624846
297,12.214695550510942,-2.5599133484670364,109.74200105667313,149.7960031700189,0.7261463742850207
298,12.256368571203172,-2.566894286390349,109.71510197764118,149.71530593292306,0.7262638677607074
299,12.298049747562018,-2.5738507573138056,109.68830182380765,149.63490547142248,0.7263809494417492
300,12.339739052846168,-2.580782841461356,109.66160038673127,149.55480116019334,0.7264976206783645
301,12.38143646035489,-2.5876906189351923,109.63499745328643,149.47499235985885,0.7266138828187226
302,12.423141943429245,-2.5945741697121227,109.6084928058305,149.395478417491,0.7267297372088822
303,12.46485547545327,-2.60143357364005,109.5820862223664,149.31625866709874,0.7268451851927326
304,12.506577029855096,-2.6082689104345653,109.55577747670117,149.23733243010304,0.7269602281119361
305,12.548306580108068,-2.615080259675647,109.52956633859993,149.15869901579936,0.7270748673058728
306,12.590044099731795,-2.6218677008044633,109.50345257393609,149.0803577218078,0.7271891041115862
307,12.631789562293191,-2.6286313131202754,109.47743594483715,149.002307834511,0.7273029398637318
308,12.67354294140747,-2.635371175777444,109.45151620982696,148.9245486294804,0.727416375894526
309,12.71530421073911,-2.6420873677825267,109.42569312396384,148.84707937189103,0.7275294135336978
310,12.757073344002793,-2.6487799679914747,109.39996643897513,148.76989931692492,0.7276420541084414
311,12.79885031496431,-2.655449055106918,109.37433590338811,148.6930077101639,0.7277542989433702
312,12.840635097441435,-2.662094707675542,109.34880126265735,148.6164037879716,0.7278661493604733
313,12.882427665304766,-2.6687170040855506,109.32336225928852,148.5400867778651,0.7279776066790724
314,12.924227992478542,-2.6753160225642136,109.29801863295901,148.46405589887658,0.7280886722157806
315,12.96603605294145,-2.681891841175499,109.27277012063516,148.388310361905,0.7281993472844622
316,13.007851820727351,-2.688444537817784,109.24761645668627,148.31284937005836,0.728309633196195
317,13.049675269926064,-2.694974190221649,109.2225573729956,148.23767211898632,0.7284195312592323
318,13.091506374684034,-2.7014808759477393,109.19759259906822,148.16277779720417,0.7285290427789676
319,13.133345109205042,-2.7079646723847137,109.17272186213599,148.0881655864075,0.7286381690578994
320,13.175191447750858,-2.7144256567472573,109.14794488725963,148.01383466177842,0.7287469113955983
321,13.217045364641889,-2.7208639060741686,109.12326139742791,147.93978419228327,0.7288552710886748
322,13.258906834257772,-2.727279497226515,109.09867111365425,147.86601334096227,0.7289632494307478
323,13.300775831037992,-2.733672506885857,109.07417375507048,147.79252126521095,0.729070847712415
324,13.342652329482432,-2.740043011552538,109.04976903901812,147.7193071170539,0.7291780672212245
325,13.384536304151931,-2.746391087544037,109.02545668113711,147.6463700434109,0.729284909241646
326,13.426427729668813,-2.7527168109933853,109.00123639545203,147.57370918635567,0.7293913750550455
327,13.468326580717394,-2.7590202578476433,108.97710789445588,147.50132368336725,0.7294974659396586
328,13.510232832044464,-2.765301503866436,108.95307088919164,147.42921266757452,0.7296031831705663
329,13.552146458459758,-2.771560624620551,108.92912508933141,147.35737526799386,0.7297085280196713
330,13.594067434836413,-2.777797695490582,108.90527020325344,147.28581060975995,0.7298135017556756
331,13.635995736111395,-2.7840127916656425,108.88150593811685,147.2145178143502,0.729918105644058
332,13.677931337285901,-2.7902059881421177,108.85783199993439,147.1434959998028,0.7300223409470539
333,13.71987421342578,-2.7963773597224817,108.83424809364303,147.07274428092873,0.7301262089236347
334,13.761824339661889,-2.8025269810141538,108.81075392317257,147.00226176951736,0.7302297108294893
335,13.803781691190467,-2.8086549264284133,108.78734919151235,146.93204757453668,0.7303328479170051
336,13.845746243273485,-2.814761270179359,108.7640336007759,146.86210080232735,0.7304356214352512
337,13.887717971238967,-2.8208460862829132,108.74080685226396,146.79242055679154,0.7305380326299609
338,13.929696850481314,-2.826909448555876,108.7176686465255,146.72300593957615,0.7306400827435163
339,13.971682856461598,-2.8329514306150214,108.69461868341703,146.65385605025074,0.7307417730149331
340,14.013675964707858,-2.8389721058762367,108.67165666216027,146.58496998648044,0.7308431046798458
341,14.05567615081537,-2.8449715475537047,108.64878228139801,146.51634684419366,0.730944078970494
342,14.097683390446894,-2.8509498286591275,108.62599523924847,146.447985717745,0.7310446971157094
343,14.139697659332938,-2.85690702200099,108.60329523335798,146.37988570007357,0.7311449603409037
344,14.18171893327198,-2.8628432001838613,108.5806819609522,146.31204588285624,0.7312448698680565
345,14.22374718813069,-2.8687584356077345,108.55815511888572,146.2444653566568,0.731344426915704
346,14.265782399844133,-2.8746528004674063,108.53571440369029,146.1771432110705,0.7314436326989292
347,14.307824544415974,-2.8805263667518872,108.51335951162157,146.11007853486433,0.7315424884293512
348,14.34987359791865,-2.886379206243851,108.49109013870451,146.04327041611316,0.7316409953151166
349,14.391929536493562,-2.892211390519118,108.46890598077735,145.9767179423317,0.7317391545608903
350,14.433992336351212,-2.8980229909461674,108.44680673353434,145.9104202006027,0.731836967367848
351,14.47606197377137,-2.9038140786856887,108.42479209256713,145.84437627770106,0.7319344349336676
352,14.518138425103214,-2.9095847246901583,108.4028617534049,145.77858526021436,0.7320315584525229
353,14.56022166676545,-2.915334999703449,108.38101541155334,145.71304623465963,0.7321283391150768
354,14.60231167524644,-2.9210649742604713,108.35925276253231,145.64775828759656,0.7322247781084751
355,14.644408427104318,-2.92677471868684,108.33757350191254,145.58272050573726,0.7323208766163413
356,14.686511898967073,-2.932464303098572,108.315977325351,145.51793197605264,0.7324166358187709
357,14.72862206753266,-2.9381337974018087,108.29446392862528,145.45339178587548,0.7325120568923273
358,14.770738909569072,-2.9437832712925696,108.27303300766685,145.38909902300023,0.7326071410100373
359,14.81286240191442,-2.9494127942565247,108.2516842585934,145.32505277577985,0.7327018893413875
360,14.854992521476994,-2.9550224355688,108.23041737773994,145.2612521332195,0.7327963030523208
361,14.897129245235327,-2.9606122642938018,108.20923206168916,145.19769618506717,0.7328903833052335
362,14.93927255023824,-2.9661823492850674,108.18812800730063,145.13438402190158,0.7329841312589732
363,14.98142241360488,-2.9717327591851386,108.1671049117392,145.0713147352173,0.7330775480688358
364,15.023578812524773,-2.9772635624254575,108.14616247250243,145.00848741750696,0.7331706348865648
365,15.065741724257833,-2.9827748272262844,108.12530038744707,144.94590116234087,0.7332633928603488
366,15.107911126134379,-2.988266621596638,108.10451835481486,144.88355506444427,0.7333558231348216
367,15.150086995555176,-2.993739013334253,108.08381607325728,144.82144821977155,0.7334479268510606
368,15.192269309991405,-2.9991920700255625,108.06319324185962,144.75957972557856,0.7335397051465872
369,15.234458046984692,-3.0046258590456976,108.04264956016416,144.69794868049217,0.7336311591553661
370,15.27665318414709,-3.0100404475585036,108.02218472819267,144.6365541845777,0.7337222900078062
371,15.318854699161063,-3.0154359025165816,108.00179844646809,144.57539533940394,0.7338130988307608
372,15.361062569779477,-3.0208122906613393,107.98149041603546,144.51447124810605,0.733903586747529
373,15.403276773825569,-3.026169678523066,107.96126033848222,144.4537810154463,0.7339937548778562
374,15.445497289192916,-3.0315081324210227,107.9411079159577,144.39332374787278,0.7340836043379365
375,15.487724093845406,-3.0368277184635457,107.92103285119205,144.3330985535758,0.7341731362404139
376,15.529957165817198,-3.042128502548173,107.90103484751438,144.2731045425428,0.7342623516943843
377,15.572196483212664,-3.047410550361776,107.88111360887038,144.2133408266108,0.7343512518053982
378,15.61444202420635,-3.0526739273807184,107.86126883983924,144.1538065195174,0.734439837675463
379,15.656693767042915,-3.057918698871019,107.84150024565001,144.0945007369497,0.7345281104030459
380,15.698951690037074,-3.063144929888536,107.82180753219731,144.03542259659162,0.7346160710830769
381,15.741215771573533,-3.0683526852791605,107.80219040605654,143.9765712181693,0.7347037208069525
382,15.783485990106911,-3.073542029679027,107.78264857449844,143.917945723495,0.7347910606625383
383,15.825762324161674,-3.0787130275147336,107.76318174550318,143.8595452365092,0.7348780917341735
384,15.868044752332061,-3.083865743003577,107.74378962777391,143.80136888332137,0.734964815102675
385,15.910333253281985,-3.089000240153801,107.72447193074973,143.74341579224887,0.7350512318453405
386,15.952627805744967,-3.09411658276485,107.70522836461828,143.6856850938545,0.735137343035954
387,15.994928388524038,-3.0992148344276442,107.68605864032769,143.6281759209827,0.73522314974479
388,16.037234980491633,-3.1042950585248583,107.66696246959818,143.57088740879416,0.7353086530386175
389,16.079547560589514,-3.1093573182312135,107.64793956493314,143.51381869479903,0.7353938539807061
390,16.12186610782866,-3.114401676513779,107.62898963962978,143.45696891888895,0.7354787536308303
391,16.164190601289157,-3.119428196132288,107.61011240778933,143.40033722336761,0.7355633530452748
392,16.2065210201201,-3.1244369396394536,107.59130758432684,143.34392275298015,0.7356476532768402
393,16.24885734353948,-3.129427969381308,107.57257488498053,143.2877246549412,0.7357316553748489
394,16.29119955083407,-3.1344013474975383,107.55391402632075,143.23174207896187,0.7358153603851496
395,16.3335476213593,-3.1393571359218395,107.53532472575861,143.17597417727544,0.7358987693501248
396,16.375901534539157,-3.1442953963822706,107.51680670155412,143.12042010466192,0.7359818833086953
397,16.41826126986604,-3.1492161904016234,107.49835967282402,143.06507901847166,0.7360647032963278
398,16.460626806900645,-3.1541195792977983,107.47998335954935,143.00995007864762,0.7361472303450401
399,16.502998125271855,-3.1590056241841835,107.46167748258243,142.95503244774685,0.7362294654834082
400,16.545375204676564,-3.1638743859700504,107.44344176365374,142.90032529096078,0.7363114097365725
401,16.587758024879594,-3.1687259253609477,107.42527592537836,142.84582777613466,0.7363930641262446
402,16.630146565713545,-3.1735603028591077,107.4071796912621,142.79153907378586,0.7364744296707144
403,16.672540807078626,-3.178377578763857,107.38915278570732,142.7374583571215,0.7365555073848566
404,16.714940728942565,-3.1831778131720383,107.37119493401845,142.6835848020549,0.736636298280138
405,16.757346311340434,-3.1879610659784294,107.35330586240723,142.62991758722123,0.7367168033646244
406,16.799757534374518,-3.192727396876178,107.33548529799765,142.5764558939925,0.7367970236429883
407,16.842174378214164,-3.197476865357237,107.31773296883063,142.52319890649142,0.7368769601165158
408,16.88459682309564,-3.2022095307128087,107.30004860386838,142.47014581160468,0.7369566137831143
409,16.927024849321977,-3.2069254520337904,107.2824319329986,142.41729579899538,0.7370359856373198
410,16.969458437262833,-3.2116246882112294,107.26488268703834,142.36464806111456,0.7371150766703048
411,17.011897567354314,-3.21630729793678,107.24740059773757,142.31220179321227,0.7371938878698863
412,17.05434222009885,-3.220973339703169,107.22998539778267,142.2599561933476,0.7372724202205323
413,17.09679237606502,-3.2256228718046605,107.21263682079959,142.20791046239833,0.7373506747033715
414,17.139248015887397,-3.230255952337533,107.1953546013567,142.15606380406967,0.7374286522961997
415,17.18170912026639,-3.234872639200553,107.17813847496762,142.10441542490244,0.737506353973489
416,17.224175669968087,-3.239472990095459,107.16098817809367,142.0529645342806,0.7375837807063949
417,17.26664764582409,-3.244057062527444,107.14390344814618,142.00171034443812,0.7376609334627651
418,17.309125028731355,-3.248624913805646,107.1268840234886,141.9506520704654,0.7377378132071478
419,17.351607799652026,-3.253176601043644,107.1099296434384,141.89978893031483,0.7378144209007995
420,17.394095939613255,-3.257712181159949,107.09304004826883,141.84912014480614,0.7378907575016939
421,17.436589429707066,-3.2622317108785097,107.07621497921038,141.7986449376308,0.7379668239645297
422,17.479088251090165,-3.266735246729212,107.05945417845221,141.74836253535628,0.7380426212407397
423,17.521592384983776,-3.2712228450483876,107.0427573891433,141.69827216742954,0.738118150278499
424,17.564101812673464,-3.275694561979323,107.02612435539349,141.64837306618008,0.7381934120227338
425,17.60661651550898,-3.2801504534727735,107.00955482227432,141.59866446682258,0.7382684074151293
426,17.64913647490408,-3.2845905752874742,106.99304853581978,141.54914560745894,0.7383431373941397
427,17.69166167233635,-3.289014982990663,106.97660524302678,141.49981572907993,0.7384176028949955
428,17.734192089347037,-3.2934237319585975,106.96022469185563,141.45067407556647,0.7384918048497131
429,17.776727707540875,-3.297816877377079,106.94390663123028,141.4017198936904,0.7385657441871036
430,17.81926850858591,-3.302194474241979,106.92765081103839,141.35295243311475,0.7386394218327814
431,17.861814474213315,-3.3065565773597627,106.91145698213143,141.30437094639387,0.7387128387091728
432,17.904365586217224,-3.3109032413480226,106.89532489632442,141.25597468897286,0.7387859957355256
433,17.946921826454563,-3.315234520636005,106.87925430639574,141.20776291918682,0.7388588938279174
434,17.98948317684485,-3.319550469465148,106.86324496608671,141.15973489825973,0.7389315338992648
435,18.032049619370028,-3.3238511418896133,106.8472966301011,141.11188989030288,0.7390039168593329
436,18.074621136074292,-3.3281365917768215,106.83140905410448,141.06422716231305,0.7390760436147431
437,18.117197709063902,-3.3324068728079936,106.81558199472356,141.01674598417026,0.7391479150689836
438,18.159779320507003,-3.336662038478686,106.79981520954524,140.9694456286353,0.7392195321224175
439,18.20236595263345,-3.340902142099336,106.78410845711579,140.92232537134694,0.7392908956722921
440,18.244957587734632,-3.3451272367958,106.76846149693972,140.87538449081876,0.7393620066127482
441,18.287554208163264,-3.3493373755098976,106.75287408947871,140.82862226843574,0.7394328658348294
442,18.330155796333244,-3.3535326109999564,106.73734599615031,140.78203798845053,0.7395034742264904
443,18.372762334719443,-3.3577129958413567,106.72187697932668,140.73563093797964,0.7395738326726075
444,18.415373805857534,-3.361878582427078,106.70646680233315,140.68940040699906,0.7396439420549866
445,18.45799019234381,-3.3660294229682455,106.69111522944675,140.64334568833985,0.739713803252373
446,18.500611476835,-3.3701655694946777,106.6758220258946,140.59746607768338,0.7397834171404606
447,18.543237642048084,-3.3742870738554362,106.66058695785232,140.5517608735565,0.739852784591901
448,18.585868670760103,-3.3783939877193734,106.6454097924422,140.50622937732615,0.7399219064763125
449,18.628504545808,-3.3824863625756816,106.63029029773152,140.46087089319414,0.7399907836602901
450,18.67114525008841,-3.386564249734446,106.61522824273061,140.41568472819142,0.7400594170074141
451,18.713790766557494,-3.3906277003271907,106.60022339739092,140.37067019217233,0.7401278073782592
452,18.756441078230747,-3.394676765307435,106.585275532603,140.32582659780857,0.7401959556304047
453,18.79909616818281,-3.3987114954512383,106.57038442019446,140.28115326058293,0.7402638626184429
454,18.841756019547304,-3.402731941357758,106.55554983292782,140.236649498783,0.7403315291939885
455,18.884420615516625,-3.4067381534497967,106.54077154449834,140.19231463349456,0.7403989562056884
456,18.92708993934177,-3.410730181974355,106.52604932953174,140.1481479885948,0.7404661444992305
457,18.969763974332164,-3.414708077003185,106.51138296358197,140.10414889074545,0.7405330949173532
458,19.01244270385544,-3.4186718884333382,106.49677222312874,140.0603166693858,0.7405998082998544
459,19.055126111337316,-3.4226216659877227,106.48221688557527,140.0166506567254,0.7406662854836012
460,19.097814180261338,-3.42655745921565,106.46771672924571,139.9731501877367,0.7407325273025392
461,19.14050689416876,-3.4304793174933885,106.45327153338269,139.92981460014767,0.7407985345877012
462,19.183204236658316,-3.434387290024716,106.43888107814482,139.88664323443402,0.7408643081672169
463,19.225906191386063,-3.4382814258414682,106.42454514460401,139.84363543381158,0.7409298488663225
464,19.268612742065187,-3.442161773804093,106.41026351474294,139.80079054422836,0.7409951575073691
465,19.31132387246582,-3.4460283826021962,106.39603597145233,139.75810791435657,0.7410602349098329
466,19.354039566414855,-3.4498813007550964,106.38186229852829,139.71558689558447,0.7411250818903237
467,19.39675980779576,-3.4537205766123726,106.36774228066952,139.67322684200815,0.7411896992625947
468,19.439484580548413,-3.4575462583544136,106.35367570347458,139.63102711042333,0.7412540878375514
469,19.482213868668897,-3.4613583939929664,106.33966235343908,139.5889870603168,0.741318248423261
470,19.524947656209324,-3.4651570313716857,106.3257020179528,139.54710605385802,0.7413821818249617
471,19.567685927277655,-3.4689422181666805,106.31179448529691,139.50538345589035,0.7414458888450718
472,19.61042866603753,-3.472714001887062,106.29793954464095,139.4638186339225,0.7415093702831986
473,19.653175856708057,-3.4764724298754888,106.28413698604004,139.42241095811974,0.7415726269361483
474,19.695927483563644,-3.480217549308716,106.27038660043179,139.381159801295,0.7416356595979346
475,19.738683530933837,-3.4839494071981365,106.25668817963344,139.34006453889995,0.7416984690597882
476,19.781443983203108,-3.487668050390328,106.2430415163388,139.29912454901603,0.7417610561101659
477,19.824208824810682,-3.4913735255675946,106.22944640411525,139.25833921234536,0.7418234215347592
478,19.866978040250377,-3.495065879248513,106.21590263740066,139.2177079122016,0.7418855661165048
479,19.90975161407039,-3.4987451577884703,106.20241001150039,139.1772300345008,0.741947490635592
480,19.952529530873147,-3.502411407380209,106.18896832258416,139.13690496775212,0.7420091958694732
481,19.99531177531509,-3.5060646740543655,106.17557736768296,139.0967321030485,0.7420706825928722
482,20.038098332106543,-3.5097050036800095,106.16223694468593,139.0567108340574,0.7421319515777939
483,20.080889186011486,-3.513332441965184,106.14894685233725,139.01684055701136,0.7421930035935325
484,20.1236843218474,-3.516947034457442,106.13570689023295,138.9771206706985,0.7422538394066813
485,20.166483724485083,-3.520548826544382,106.12251685881782,138.93755057645308,0.7423144597811416
486,20.209287378848483,-3.524137863454187,106.10937655938211,138.89812967814598,0.7423748654781315
487,20.252095269914495,-3.5277141902561553,106.09628579405849,138.8588573821751,0.7424350572561949
488,20.294907382712797,-3.5312778518612373,106.08324436581874,138.81973309745587,0.7424950358712108
489,20.33772370232569,-3.5348288930225658,106.0702520784706,138.78075623541147,0.7425548020764019
490,20.38054421388788,-3.5383673583359894,106.05730873665455,138.7419262099633,0.7426143566223437
491,20.423368902586343,-3.541893292240602,106.04441414584052,138.70324243752123,0.7426737002569734
492,20.46619775366012,-3.5454067390192723,106.03156811232475,138.6647043369739,0.7427328337255992
493,20.50903075240015,-3.5489077427991726,106.01877044322646,138.62631132967906,0.7427917577709082
494,20.551867884149104,-3.552396347552304,106.00602094648467,138.58806283945367,0.7428504731329764
495,20.594709134301198,-3.5558725970960254,105.9933194308549,138.54995829256436,0.7429089805492767
496,20.637554488302015,-3.5593365350935753,105.9806657059059,138.5119971177174,0.7429672807546883
497,20.680403931648343,-3.5627882050545985,105.96805958201648,138.47417874604912,0.7430253744815054
498,20.723257449887985,-3.566227650335664,105.95550087037208,138.4365026111159,0.7430832624594456
499,20.76611502861961,-3.5696549141407914,105.94298938296164,138.39896814888462,0.7431409454156591
500,20.80897665349255,-3.5730700395219674,105.93052493257429,138.36157479772254,0.7431984240747372
